Nombre,Apellido materno,Apellido paterno,Edad,CURP,Prueba1,Prueba2,Team
James James,Butt,Motley,15,4a616d65734a616d6573427574744d6f746c65794c41,50P,100P,C
Josephine Josephine,Darakjy,Biddy,9,4a6f73657068696e654a6f73657068696e65446172616b6a7942696464794d49,100P,100L,B
Art Art,Venere,Bookamer,15,41727441727456656e657265426f6f6b616d65724e4a,50M,50L,B
Lenna Lenna,Paprocki,Kampa,9,4c656e6e614c656e6e61506170726f636b694b616d7061414b,100P,100CI,D
Donette Donette,Foller,Gillaspie,9,446f6e65747465446f6e65747465466f6c6c657247696c6c61737069654f48,100L,100P,B
Simona Simona,Morasca,Harabedian,18,53696d6f6e6153696d6f6e614d6f72617363614861726162656469616e4f48,100P,50M,E
Mitsue Mitsue,Tollner,Hixenbaugh,17,4d69747375654d6974737565546f6c6c6e6572486978656e6261756768494c,100D,100P,C
Leota Leota,Dilliard,Oles,11,4c656f74614c656f746144696c6c696172644f6c65734341,100CI,50L,D
Sage Sage,Wieser,Ankeny,16,5361676553616765576965736572416e6b656e795344,100CI,50M,D
Kris Kris,Marrier,Boulter,12,4b7269734b7269734d617272696572426f756c7465724d44,50M,100D,E
Minna Minna,Amigon,Lorens,9,4d696e6e614d696e6e61416d69676f6e4c6f72656e735041,50D,100L,C
Abel Abel,Maclead,Tillotson,10,4162656c4162656c4d61636c65616454696c6c6f74736f6e4e59,100L,50P,B
Kiley Kiley,Caldarera,Similton,13,4b696c65794b696c657943616c64617265726153696d696c746f6e4341,100P,50P,D
Graciela Graciela,Ruta,Chesterfield,15,4772616369656c614772616369656c6152757461436865737465726669656c644f48,50P,50L,C
Cammy Cammy,Albares,Asar,13,43616d6d7943616d6d79416c6261726573417361725458,100D,100P,E
Mattie Mattie,Poquette,Paskin,15,4d61747469654d6174746965506f7175657474655061736b696e415a,50L,50M,F
Meaghan Meaghan,Garufi,Gabisi,18,4d65616768616e4d65616768616e476172756669476162697369544e,50P,100CI,E
Gladys Gladys,Rim,Liukko,13,476c61647973476c6164797352696d4c69756b6b6f5749,100P,50P,B
Yuki Yuki,Whobrey,Delasancha,9,59756b6959756b6957686f6272657944656c6173616e6368614d49,100CI,50L,A
Fletcher Fletcher,Flosi,Yori,18,466c657463686572466c657463686572466c6f7369596f7269494c,50D,50P,B
Bette Bette,Nicka,Jacobos,18,426574746542657474654e69636b614a61636f626f735041,50D,100L,E
Veronika Veronika,Inouye,Palaia,15,5665726f6e696b615665726f6e696b61496e6f75796550616c6169614341,100CI,50L,D
Willard Willard,Kolmetz,Sayaphon,16,57696c6c61726457696c6c6172644b6f6c6d65747a5361796170686f6e5458,50M,100L,C
Maryann Maryann,Royster,Schieler,16,4d617279616e6e4d617279616e6e526f797374657253636869656c65724e59,50L,50D,D
Alisha Alisha,Slusarski,Chavous,10,416c69736861416c69736861536c75736172736b69436861766f75734e4a,100D,100CI,D
Allene Allene,Iturbide,Devreese,11,416c6c656e65416c6c656e65497475726269646544657672656573655749,100CI,50D,B
Chanel Chanel,Caudy,Nunlee,10,4368616e656c4368616e656c43617564794e756e6c65654b53,50L,50M,B
Ezekiel Ezekiel,Chui,Juvera,9,457a656b69656c457a656b69656c436875694a75766572614d44,50D,50P,D
Willow Willow,Kusko,Bourbon,14,57696c6c6f7757696c6c6f774b75736b6f426f7572626f6e4e59,100CI,50L,C
Bernardo Bernardo,Figeroa,Chaffins,15,4265726e6172646f4265726e6172646f46696765726f614368616666696e735458,100D,100L,B
Ammie Ammie,Corrio,Harnos,14,416d6d6965416d6d6965436f7272696f4861726e6f734f48,50P,50D,E
Francine Francine,Vocelka,Tromblay,16,4672616e63696e654672616e63696e65566f63656c6b6154726f6d626c61794e4d,50M,100L,D
Ernie Ernie,Stenseth,Kardas,9,45726e696545726e69655374656e736574684b61726461734e4a,50D,50M,B
Albina Albina,Glick,Rentfro,13,416c62696e61416c62696e61476c69636b52656e7466726f4e4a,50L,50D,C
Alishia Alishia,Sergi,Breland,11,416c6973686961416c697368696153657267694272656c616e644e59,100CI,100P,C
Solange Solange,Shinko,Keener,16,536f6c616e6765536f6c616e67655368696e6b6f4b65656e65724c41,100P,100L,C
Jose Jose,Stockham,Arceo,9,4a6f73654a6f736553746f636b68616d417263656f4e59,100D,100L,C
Rozella Rozella,Ostrosky,Dewar,14,526f7a656c6c61526f7a656c6c614f7374726f736b7944657761724341,50D,100D,B
Valentine Valentine,Gillian,Koppinger,15,56616c656e74696e6556616c656e74696e6547696c6c69616e4b6f7070696e6765725458,50M,50L,C
Kati Kati,Rulapaugh,Threets,13,4b6174694b61746952756c617061756768546872656574734b53,50L,50P,F
Youlanda Youlanda,Schemmer,Colaizzo,13,596f756c616e6461596f756c616e6461536368656d6d6572436f6c61697a7a6f4f52,50P,100P,E
Dyan Dyan,Oldroyd,Comnick,16,4479616e4479616e4f6c64726f7964436f6d6e69636b4b53,50D,50L,E
Roxane Roxane,Campain,Mcnease,11,526f78616e65526f78616e6543616d7061696e4d636e65617365414b,50M,50D,C
Lavera Lavera,Perin,Eanes,10,4c61766572614c6176657261506572696e45616e6573464c,50M,100P,F
Erick Erick,Ferencz,Jeanty,18,457269636b457269636b466572656e637a4a65616e7479414b,100CI,100L,C
Fatima Fatima,Saylors,Mclaird,16,466174696d61466174696d615361796c6f72734d636c616972644d4e,100CI,100L,B
Jina Jina,Briddick,Grenet,11,4a696e614a696e61427269646469636b4772656e65744d41,50P,100D,A
Kanisha Kanisha,Waycott,Samara,11,4b616e697368614b616e69736861576179636f747453616d6172614341,50M,100D,C
Emerson Emerson,Bowley,Diestel,10,456d6572736f6e456d6572736f6e426f776c65794469657374656c5749,100D,100L,F
Blair Blair,Malet,Weglarz,12,426c616972426c6169724d616c65745765676c61727a5041,50P,50L,C
Brock Brock,Bolognia,Rowling,14,42726f636b42726f636b426f6c6f676e6961526f776c696e674e59,50D,50M,E
Lorrie Lorrie,Nestle,Lipkin,13,4c6f727269654c6f727269654e6573746c654c69706b696e544e,100D,50L,A
Sabra Sabra,Uyetake,Galam,10,5361627261536162726155796574616b6547616c616d5343,100D,100P,A
Marjory Marjory,Mastella,Wildfong,12,4d61726a6f72794d61726a6f72794d617374656c6c6157696c64666f6e675041,100D,50M,D
Karl Karl,Klonowski,Perruzza,14,4b61726c4b61726c4b6c6f6e6f77736b6950657272757a7a614e4a,100CI,100L,F
Tonette Tonette,Wenner,Villanueva,11,546f6e65747465546f6e6574746557656e6e657256696c6c616e756576614e59,50M,100D,E
Amber Amber,Monarrez,Claucherty,12,416d626572416d6265724d6f6e617272657a436c61756368657274795041,100D,50M,D
Shenika Shenika,Seewald,Lapage,16,5368656e696b615368656e696b6153656577616c644c61706167654341,100D,100L,E
Delmy Delmy,Ahle,Greenbush,18,44656c6d7944656c6d7941686c65477265656e627573685249,50D,100P,C
Deeanna Deeanna,Juhas,Castros,11,446565616e6e61446565616e6e614a7568617343617374726f735041,100CI,100P,D
Blondell Blondell,Pugh,Swayze,12,426c6f6e64656c6c426c6f6e64656c6c50756768537761797a655249,100P,50L,E
Jamal Jamal,Vanausdal,Myricks,17,4a616d616c4a616d616c56616e61757364616c4d797269636b734e4a,100L,50P,D
Cecily Cecily,Hollack,Suell,15,436563696c79436563696c79486f6c6c61636b5375656c6c5458,50P,50D,B
Carmelina Carmelina,Lindall,Leinenbach,18,4361726d656c696e614361726d656c696e614c696e64616c6c4c65696e656e62616368434f,100D,100CI,B
Maurine Maurine,Yglesias,Ohms,18,4d617572696e654d617572696e6559676c65736961734f686d735749,100L,100CI,F
Tawna Tawna,Buvens,Angalich,13,5461776e615461776e61427576656e73416e67616c6963684e59,50P,100CI,D
Penney Penney,Weight,Wenzinger,11,50656e6e657950656e6e657957656967687457656e7a696e676572414b,100P,50P,D
Elly Elly,Morocco,Heimann,14,456c6c79456c6c794d6f726f63636f4865696d616e6e5041,100L,100D,A
Ilene Ilene,Eroman,Jurney,15,496c656e65496c656e6545726f6d616e4a75726e65794d44,100L,100P,E
Vallie Vallie,Mondella,Onofrio,9,56616c6c696556616c6c69654d6f6e64656c6c614f6e6f6672696f4944,100CI,50L,B
Kallie Kallie,Blackwood,Husser,13,4b616c6c69654b616c6c6965426c61636b776f6f644875737365724341,100CI,50P,A
Johnetta Johnetta,Abdallah,Lueckenbach,16,4a6f686e657474614a6f686e65747461416264616c6c61684c7565636b656e626163684e43,100P,50M,F
Bobbye Bobbye,Rhym,Mcrae,14,426f62627965426f626279655268796d4d637261654341,50M,50L,D
Micaela Micaela,Rhymes,Sarao,15,4d696361656c614d696361656c615268796d6573536172616f4341,50L,100D,D
Tamar Tamar,Hoogland,Sengbusch,18,54616d617254616d6172486f6f676c616e6453656e6762757363684f48,50M,50L,A
Moon Moon,Parlato,Nayar,16,4d6f6f6e4d6f6f6e5061726c61746f4e617961724e59,50P,100P,A
Laurel Laurel,Reitler,Borgman,13,4c617572656c4c617572656c526569746c6572426f72676d616e4d44,100CI,100L,F
Delisa Delisa,Crupi,Ostolaza,13,44656c69736144656c69736143727570694f73746f6c617a614e4a,50L,50D,B
Viva Viva,Toelkes,Kiel,11,5669766156697661546f656c6b65734b69656c494c,50D,100D,A
Elza Elza,Lipke,Gleich,16,456c7a61456c7a614c69706b65476c656963684e4a,100D,100P,F
Devorah Devorah,Chickering,Kaniecki,9,4465766f7261684465766f726168436869636b6572696e674b616e6965636b694e4d,100L,50P,D
Timothy Timothy,Mulqueen,Tomblin,18,54696d6f74687954696d6f7468794d756c717565656e546f6d626c696e4e59,100L,50P,E
Arlette Arlette,Honeywell,Auber,18,41726c6574746541726c65747465486f6e657977656c6c4175626572464c,50D,100D,F
Dominque Dominque,Dickerson,Jayson,15,446f6d696e717565446f6d696e7175654469636b6572736f6e4a6179736f6e4341,100D,100P,D
Lettie Lettie,Isenhower,Hoopengardner,14,4c65747469654c65747469654973656e686f776572486f6f70656e676172646e65724f48,50M,50L,A
Myra Myra,Munns,Rhoden,12,4d7972614d7972614d756e6e7352686f64656e5458,100CI,50L,C
Stephaine Stephaine,Barfield,Meteer,18,537465706861696e65537465706861696e654261726669656c644d65746565724341,100P,100CI,E
Lai Lai,Gato,Schmaltz,9,4c61694c61694761746f5363686d616c747a494c,100D,100L,D
Stephen Stephen,Emigh,Rodefer,18,5374657068656e5374657068656e456d696768526f64656665724f48,100P,50D,F
Tyra Tyra,Shields,Hudnall,17,5479726154797261536869656c64734875646e616c6c5041,50L,100P,E
Tammara Tammara,Wardrip,Slayton,11,54616d6d61726154616d6d61726157617264726970536c6179746f6e4341,50D,100D,F
Cory Cory,Gibes,Miro,12,436f7279436f727947696265734d69726f4341,100L,100P,C
Danica Danica,Bruschke,Berlanga,12,44616e69636144616e6963614272757363686b654265726c616e67615458,100CI,100L,E
Wilda Wilda,Giguere,Farrow,13,57696c646157696c646147696775657265466172726f77414b,50M,50L,A
Elvera Elvera,Benimadho,Walthall,10,456c76657261456c7665726142656e696d6164686f57616c7468616c6c4341,50D,100L,B
Carma Carma,Vanheusen,Andreason,14,4361726d614361726d6156616e68657573656e416e64726561736f6e4341,50P,100P,A
Malinda Malinda,Hochard,Pedrozo,15,4d616c696e64614d616c696e6461486f6368617264506564726f7a6f494e,50P,50D,B
Natalie Natalie,Fern,Mccullan,13,4e6174616c69654e6174616c69654665726e4d6363756c6c616e5759,100P,50L,A
Lisha Lisha,Centini,Mcdoniel,11,4c697368614c6973686143656e74696e694d63646f6e69656c5641,100CI,50D,A
Arlene Arlene,Klusman,Storment,17,41726c656e6541726c656e654b6c75736d616e53746f726d656e744c41,50M,50D,C
Alease Alease,Buemi,Maile,13,416c65617365416c656173654275656d694d61696c65434f,100D,100P,A
Louisa Louisa,Cronauer,Ryser,14,4c6f756973614c6f7569736143726f6e6175657252797365724341,50M,50P,B
Angella Angella,Cetta,Munis,17,416e67656c6c61416e67656c6c6143657474614d756e69734849,50D,50M,F
Cyndy Cyndy,Goldammer,Ketelsen,12,43796e647943796e6479476f6c64616d6d65724b6574656c73656e4d4e,100CI,100L,B
Rosio Rosio,Cork,Tagala,11,526f73696f526f73696f436f726b546167616c614e43,100D,100P,C
Celeste Celeste,Korando,Frerking,18,43656c6573746543656c657374654b6f72616e646f467265726b696e674e59,100D,50L,B
Twana Twana,Felger,Pagliuca,13,5477616e615477616e6146656c6765725061676c697563614f52,50M,50L,E
Estrella Estrella,Samu,Newville,9,45737472656c6c6145737472656c6c6153616d754e657776696c6c655749,50D,50L,B
Donte Donte,Kines,Klang,14,446f6e7465446f6e74654b696e65734b6c616e674d41,50P,50L,C
Tiffiny Tiffiny,Steffensmeier,Berray,11,54696666696e7954696666696e795374656666656e736d65696572426572726179464c,50M,50L,D
Edna Edna,Miceli,Kohl,18,45646e6145646e614d6963656c694b6f686c5041,100CI,100L,E
Sue Sue,Kownacki,Witten,14,5375655375654b6f776e61636b6957697474656e5458,50D,100P,F
Jesusa Jesusa,Shin,Schoeneck,16,4a65737573614a65737573615368696e5363686f656e65636b544e,50P,50D,B
Rolland Rolland,Francescon,Kitty,18,526f6c6c616e64526f6c6c616e644672616e636573636f6e4b697474794e4a,100L,100CI,A
Pamella Pamella,Schmierer,Feichtner,14,50616d656c6c6150616d656c6c615363686d69657265724665696368746e6572464c,100P,100CI,D
Glory Glory,Kulzer,Cantres,14,476c6f7279476c6f72794b756c7a657243616e747265734d44,100L,100P,D
Shawna Shawna,Palaspas,Ventura,11,536861776e61536861776e6150616c617370617356656e747572614341,50P,100CI,E
Brandon Brandon,Callaro,Scipione,18,4272616e646f6e4272616e646f6e43616c6c61726f53636970696f6e654849,50M,50D,F
Scarlet Scarlet,Cartan,Drymon,16,536361726c6574536361726c657443617274616e4472796d6f6e4741,50P,50M,B
Oretha Oretha,Menter,Nievas,15,4f72657468614f72657468614d656e7465724e69657661734d41,50P,50D,B
Ty Ty,Smith,Schnitzler,13,54795479536d6974685363686e69747a6c65724e4a,50L,50P,A
Xuan Xuan,Rochin,Daufeldt,18,5875616e5875616e526f6368696e44617566656c64744341,100CI,50L,A
Lindsey Lindsey,Dilello,Bachman,9,4c696e647365794c696e6473657944696c656c6c6f426163686d616e4341,100D,100P,D
Devora Devora,Perez,Lukasik,10,4465766f72614465766f7261506572657a4c756b6173696b4341,100CI,100D,B
Herman Herman,Demesa,Sahagun,13,4865726d616e4865726d616e44656d6573615361686167756e4e59,100CI,50P,A
Rory Rory,Papasergi,Zagen,17,526f7279526f72795061706173657267695a6167656e5041,100D,100L,B
Talia Talia,Riopelle,Colla,16,54616c696154616c696152696f70656c6c65436f6c6c614e4a,100CI,50D,B
Van Van,Shire,Butzen,11,56616e56616e53686972654275747a656e4e4a,50D,50M,A
Lucina Lucina,Lary,Funnell,17,4c7563696e614c7563696e614c61727946756e6e656c6c464c,100CI,50M,C
Bok Bok,Isaacs,Louissant,10,426f6b426f6b4973616163734c6f75697373616e744e59,100P,100L,C
Rolande Rolande,Spickerman,Kannady,9,526f6c616e6465526f6c616e6465537069636b65726d616e4b616e6e6164794849,50M,50L,A
Howard Howard,Paulas,Birkner,14,486f77617264486f776172645061756c61734269726b6e6572434f,100D,50P,F
Kimbery Kimbery,Madarang,Dorshorst,10,4b696d626572794b696d626572794d61646172616e67446f7273686f7273744e4a,50M,50D,B
Thurman Thurman,Manno,Wide,14,546875726d616e546875726d616e4d616e6e6f576964654e4a,50M,50L,C
Becky Becky,Mirafuentes,Paa,12,4265636b794265636b794d6972616675656e7465735061614e4a,50D,50M,D
Beatriz Beatriz,Corrington,Dubaldi,12,4265617472697a4265617472697a436f7272696e67746f6e447562616c64694d41,50M,50P,B
Marti Marti,Maybury,Rauser,18,4d617274694d617274694d617962757279526175736572494c,50P,100L,D
Nieves Nieves,Gotter,Linahan,16,4e69657665734e6965766573476f747465724c696e6168616e4f52,100CI,100L,D
Leatha Leatha,Hagele,Discipio,18,4c65617468614c6561746861486167656c65446973636970696f5458,100P,50D,A
Valentin Valentin,Klimek,Semidey,10,56616c656e74696e56616c656e74696e4b6c696d656b53656d69646579494c,50D,50M,C
Melissa Melissa,Wiklund,Maillard,15,4d656c697373614d656c6973736157696b6c756e644d61696c6c6172644f48,50L,100P,B
Sheridan Sheridan,Zane,Gwalthney,13,536865726964616e536865726964616e5a616e654777616c74686e65794341,100CI,100P,E
Bulah Bulah,Padilla,Zepp,9,42756c616842756c6168506164696c6c615a6570705458,100CI,50P,E
Audra Audra,Kohnert,Ehmann,12,417564726141756472614b6f686e65727445686d616e6e544e,100P,50L,F
Daren Daren,Weirather,Yaw,10,446172656e446172656e5765697261746865725961775749,100L,100P,F
Fernanda Fernanda,Jillson,Beech,17,4665726e616e64614665726e616e64614a696c6c736f6e42656563684d44,50D,100D,E
Gearldine Gearldine,Gellinger,Patak,9,476561726c64696e65476561726c64696e6547656c6c696e676572506174616b5458,100D,50P,F
Chau Chau,Kitzman,Shadrick,9,43686175436861754b69747a6d616e536861647269636b4341,50D,100L,E
Theola Theola,Frey,Acuff,13,5468656f6c615468656f6c614672657941637566664e59,100P,100L,D
Cheryl Cheryl,Haroldson,Bennick,12,43686572796c43686572796c4861726f6c64736f6e42656e6e69636b4e4a,50M,100CI,F
Laticia Laticia,Merced,Meisel,12,4c6174696369614c6174696369614d65726365644d656973656c4f48,50M,100L,B
Carissa Carissa,Batman,Heintzman,17,43617269737361436172697373614261746d616e4865696e747a6d616e4f52,100L,100CI,A
Lezlie Lezlie,Craghead,Estell,15,4c657a6c69654c657a6c69654372616768656164457374656c6c4e43,50M,50L,F
Ozell Ozell,Shealy,Rodenberger,12,4f7a656c6c4f7a656c6c536865616c79526f64656e6265726765724e59,100D,50D,C
Arminda Arminda,Parvis,Bilden,15,41726d696e646141726d696e646150617276697342696c64656e415a,50D,100P,D
Reita Reita,Leto,Lizama,16,526569746152656974614c65746f4c697a616d61494e,100D,50P,A
Yolando Yolando,Luczki,Wolny,9,596f6c616e646f596f6c616e646f4c75637a6b69576f6c6e794e59,50M,50P,B
Lizette Lizette,Stem,Halsey,18,4c697a657474654c697a657474655374656d48616c7365794e4a,100D,50D,E
Gregoria Gregoria,Pawlowicz,Syrop,17,477265676f726961477265676f7269615061776c6f7769637a5379726f704e59,50M,50L,C
Carin Carin,Deleo,Stuer,11,436172696e436172696e44656c656f53747565724152,100L,50P,D
Chantell Chantell,Maynerich,Saras,9,4368616e74656c6c4368616e74656c6c4d61796e657269636853617261734d4e,100CI,50D,A
Dierdre Dierdre,Yum,Ogg,16,446965726472654469657264726559756d4f67675041,50M,50L,E
Larae Larae,Gudroe,Keneipp,9,4c617261654c61726165477564726f654b656e656970704c41,50L,100CI,B
Latrice Latrice,Tolfree,Labreche,15,4c6174726963654c617472696365546f6c667265654c616272656368654e59,100CI,50D,E
Kerry Kerry,Theodorov,Loder,12,4b657272794b657272795468656f646f726f764c6f6465724341,100D,50L,A
Dorthy Dorthy,Hidvegi,Nachor,9,446f72746879446f72746879486964766567694e6163686f724944,50P,50D,B
Fannie Fannie,Lungren,Brucato,14,46616e6e696546616e6e69654c756e6772656e4272756361746f5458,50P,100CI,F
Evangelina Evangelina,Radde,Mauson,14,4576616e67656c696e614576616e67656c696e6152616464654d6175736f6e5041,50M,50L,C
Novella Novella,Degroot,Herritt,18,4e6f76656c6c614e6f76656c6c61446567726f6f74486572726974744849,100P,100CI,B
Clay Clay,Hoa,Gehrett,16,436c6179436c6179486f61476568726574744e56,100P,100L,C
Jennifer Jennifer,Fallick,Amyot,13,4a656e6e696665724a656e6e6966657246616c6c69636b416d796f74494c,50L,50D,E
Irma Irma,Wolfgramm,Ragel,14,49726d6149726d61576f6c666772616d6d526167656c4e4a,100L,100CI,C
Eun Eun,Coody,Dallen,9,45756e45756e436f6f647944616c6c656e5343,100P,100CI,F
Sylvia Sylvia,Cousey,Dhamer,11,53796c76696153796c766961436f757365794468616d65724d44,50L,100L,E
Nana Nana,Wrinkles,Nabours,12,4e616e614e616e615772696e6b6c65734e61626f7572734e59,100P,100L,B
Layla Layla,Springe,Ferrario,12,4c61796c614c61796c61537072696e6765466572726172696f4e59,50D,50P,A
Joesph Joesph,Degonia,Buzick,18,4a6f657370684a6f657370684465676f6e696142757a69636b4341,50D,50P,B
Annabelle Annabelle,Boord,Martabano,12,416e6e6162656c6c65416e6e6162656c6c65426f6f72644d6172746162616e6f4d41,100CI,100D,D
Stephaine Stephaine,Vinning,Halter,10,537465706861696e65537465706861696e6556696e6e696e6748616c7465724341,100D,100P,D
Nelida Nelida,Sawchuk,Hoffis,10,4e656c6964614e656c6964615361776368756b486f666669734e4a,100D,100L,D
Marguerita Marguerita,Hiatt,Julia,12,4d6172677565726974614d61726775657269746148696174744a756c69614341,50L,50M,B
Carmela Carmela,Cookey,Flister,17,4361726d656c614361726d656c61436f6f6b6579466c6973746572494c,50D,100P,D
Junita Junita,Brideau,Thyberg,18,4a756e6974614a756e69746142726964656175546879626572674e4a,50D,50L,B
Claribel Claribel,Varriano,Adkin,9,436c61726962656c436c61726962656c5661727269616e6f41646b696e4f48,50D,50P,F
Benton Benton,Skursky,Tomasulo,16,42656e746f6e42656e746f6e536b7572736b79546f6d6173756c6f4341,50M,50L,E
Hillary Hillary,Skulski,Scriven,17,48696c6c61727948696c6c617279536b756c736b695363726976656e464c,50P,100P,E
Merilyn Merilyn,Bayless,Vonasek,15,4d6572696c796e4d6572696c796e4261796c657373566f6e6173656b4341,100L,100P,D
Teri Teri,Ennaco,Lietz,18,5465726954657269456e6e61636f4c6965747a5041,100CI,100L,B
Merlyn Merlyn,Lawler,Canlas,13,4d65726c796e4d65726c796e4c61776c657243616e6c61734e4a,100P,100CI,A
Georgene Georgene,Montezuma,Brachle,18,47656f7267656e6547656f7267656e654d6f6e74657a756d6142726163686c654341,100L,100CI,F
Jettie Jettie,Mconnell,Perigo,9,4a65747469654a65747469654d636f6e6e656c6c50657269676f4e4a,50P,50L,B
Lemuel Lemuel,Latzke,Hauenstein,18,4c656d75656c4c656d75656c4c61747a6b65486175656e737465696e4e59,50P,100L,C
Melodie Melodie,Knipp,Timenez,15,4d656c6f6469654d656c6f6469654b6e69707054696d656e657a4341,100D,50P,B
Candida Candida,Corbley,Schirpke,10,43616e6469646143616e64696461436f72626c65795363686972706b654e4a,100P,50P,A
Karan Karan,Karpin,Eschberger,17,4b6172616e4b6172616e4b617270696e457363686265726765724f52,100D,100L,D
Andra Andra,Scheyer,Reiber,9,416e647261416e647261536368657965725265696265724f52,50D,100P,F
Felicidad Felicidad,Poullion,Matuszak,12,46656c69636964616446656c696369646164506f756c6c696f6e4d617475737a616b4e4a,50P,100D,A
Belen Belen,Strassner,Monterrubio,10,42656c656e42656c656e5374726173736e65724d6f6e746572727562696f4741,100L,50D,A
Gracia Gracia,Melnyk,Regusters,17,4772616369614772616369614d656c6e796b526567757374657273464c,100L,100D,D
Jolanda Jolanda,Hanafan,Turinetti,14,4a6f6c616e64614a6f6c616e646148616e6166616e547572696e657474694d45,50D,50M,E
Barrett Barrett,Toyama,Sweely,14,4261727265747442617272657474546f79616d61537765656c795458,50P,100P,C
Helga Helga,Fredicks,Hirpara,10,48656c676148656c67614672656469636b73486972706172614e59,100P,50D,D
Ashlyn Ashlyn,Pinilla,Lace,10,4173686c796e4173686c796e50696e696c6c614c616365464c,100P,50D,D
Fausto Fausto,Agramonte,Tjepkema,15,46617573746f46617573746f416772616d6f6e7465546a65706b656d614e59,100D,50D,F
Ronny Ronny,Caiafa,Aquas,18,526f6e6e79526f6e6e7943616961666141717561735041,50D,50L,D
Marge Marge,Limmel,Treston,11,4d617267654d617267654c696d6d656c54726573746f6e464c,50D,100CI,C
Norah Norah,Waymire,Candlish,11,4e6f7261684e6f7261685761796d69726543616e646c6973684341,50L,50D,A
Aliza Aliza,Baltimore,Upthegrove,10,416c697a61416c697a6142616c74696d6f7265557074686567726f76654341,100L,50L,A
Mozell Mozell,Pelkowski,Tawil,12,4d6f7a656c6c4d6f7a656c6c50656c6b6f77736b69546177696c4341,50D,50M,C
Viola Viola,Bitsuie,Pontoriero,15,56696f6c6156696f6c6142697473756965506f6e746f726965726f4341,50M,100D,F
Franklyn Franklyn,Emard,Mallett,11,4672616e6b6c796e4672616e6b6c796e456d6172644d616c6c6574745041,100D,50D,B
Willodean Willodean,Konopacki,Maisto,12,57696c6c6f6465616e57696c6c6f6465616e4b6f6e6f7061636b694d616973746f4c41,50P,50M,A
Beckie Beckie,Silvestrini,Good,16,4265636b69654265636b696553696c7665737472696e69476f6f644d49,50M,50P,E
Rebecka Rebecka,Gesick,Nicolozakes,12,52656265636b6152656265636b6147657369636b4e69636f6c6f7a616b65735458,100L,100P,A
Frederica Frederica,Blunk,Stoltzman,16,467265646572696361467265646572696361426c756e6b53746f6c747a6d616e5458,100D,50D,D
Glen Glen,Bartolet,Hengel,12,476c656e476c656e426172746f6c657448656e67656c5741,100CI,100L,C
Freeman Freeman,Gochal,Sweigard,10,467265656d616e467265656d616e476f6368616c53776569676172645041,50L,50D,A
Vincent Vincent,Meinerding,Kalafatis,15,56696e63656e7456696e63656e744d65696e657264696e674b616c6166617469735041,50L,100P,F
Rima Rima,Bevelacqua,Restrepo,15,52696d6152696d61426576656c6163717561526573747265706f4341,50P,50D,A
Glendora Glendora,Sarbacher,Neither,11,476c656e646f7261476c656e646f72615361726261636865724e6569746865724341,100CI,50L,C
Avery Avery,Steier,Keetch,17,417665727941766572795374656965724b6565746368464c,100P,100CI,A
Cristy Cristy,Lother,Lacovara,12,4372697374794372697374794c6f746865724c61636f766172614341,100D,50D,F
Nicolette Nicolette,Brossart,Rodeigues,12,4e69636f6c657474654e69636f6c6574746542726f7373617274526f646569677565734d41,50M,100P,C
Tracey Tracey,Modzelewski,Coyier,10,5472616365795472616365794d6f647a656c6577736b69436f796965725458,100P,100L,F
Virgina Virgina,Tegarden,Layous,16,56697267696e6156697267696e61546567617264656e4c61796f75735749,100L,100P,B
Tiera Tiera,Frankel,Bubash,16,546965726154696572614672616e6b656c4275626173684341,50M,50L,C
Alaine Alaine,Bergesen,Calvaresi,12,416c61696e65416c61696e65426572676573656e43616c7661726573694e59,100D,50L,E
Earleen Earleen,Mai,Kippley,11,4561726c65656e4561726c65656e4d61694b6970706c65795458,100D,100P,E
Leonida Leonida,Gobern,Cryer,12,4c656f6e6964614c656f6e696461476f6265726e43727965724d53,50D,50M,F
Ressie Ressie,Auffrey,Denooyer,14,5265737369655265737369654175666672657944656e6f6f796572464c,100D,50M,A
Justine Justine,Mugnolo,Zurcher,10,4a757374696e654a757374696e654d75676e6f6c6f5a7572636865724e59,100CI,100L,E
Eladia Eladia,Saulter,Riden,14,456c61646961456c616469615361756c746572526964656e4e4a,100D,50D,B
Chaya Chaya,Malvin,Cloney,9,436861796143686179614d616c76696e436c6f6e65794d49,100L,50M,D
Gwenn Gwenn,Suffield,Engelberg,9,4777656e6e4777656e6e5375666669656c64456e67656c626572674e59,100CI,50D,F
Salena Salena,Karpel,Haufler,10,53616c656e6153616c656e614b617270656c486175666c65724f48,50D,100P,B
Yoko Yoko,Fishburne,Fortino,14,596f6b6f596f6b6f466973686275726e65466f7274696e6f4354,50M,50P,B
Taryn Taryn,Moyd,Westerbeck,15,546172796e546172796e4d6f79645765737465726265636b5641,50M,50L,C
Katina Katina,Polidori,Acey,18,4b6174696e614b6174696e61506f6c69646f7269416365794d41,50P,100P,D
Rickie Rickie,Plumer,Hamilton,16,5269636b69655269636b6965506c756d657248616d696c746f6e4f48,100P,50M,C
Alex Alex,Loader,Farrar,17,416c6578416c65784c6f616465724661727261725741,50D,50P,F
Lashon Lashon,Vizarro,Fillingim,11,4c6173686f6e4c6173686f6e56697a6172726f46696c6c696e67696d4341,50D,50M,D
Lauran Lauran,Burnard,Staback,13,4c617572616e4c617572616e4275726e6172645374616261636b5759,50M,50L,C
Ceola Ceola,Setter,Duenas,13,43656f6c6143656f6c615365747465724475656e61734d45,100D,50L,B
My My,Rantanen,Hughey,14,4d794d7952616e74616e656e4875676865795041,100D,50P,B
Lorrine Lorrine,Worlds,Hellickson,14,4c6f7272696e654c6f7272696e65576f726c647348656c6c69636b736f6e464c,50M,50L,E
Peggie Peggie,Sturiale,Dopico,18,5065676769655065676769655374757269616c65446f7069636f4341,50P,100CI,D
Marvel Marvel,Raymo,Berganza,18,4d617276656c4d617276656c5261796d6f42657267616e7a615458,50L,100D,C
Daron Daron,Dinos,Arias,11,4461726f6e4461726f6e44696e6f734172696173494c,100CI,50D,A
An An,Fritz,Sama,11,416e416e467269747a53616d614e4a,50M,100P,E
Portia Portia,Stimmel,Aredondo,13,506f72746961506f727469615374696d6d656c417265646f6e646f4e4a,50M,100CI,E
Rhea Rhea,Aredondo,Stimmel,17,5268656152686561417265646f6e646f5374696d6d656c4e59,50M,50L,A
Benedict Benedict,Sama,Fritz,13,42656e656469637442656e656469637453616d61467269747a4d4f,50D,50M,F
Alyce Alyce,Arias,Dinos,14,416c796365416c796365417269617344696e6f734341,100D,50L,B
Heike Heike,Berganza,Raymo,9,4865696b654865696b6542657267616e7a615261796d6f4e4a,100D,100L,F
Carey Carey,Dopico,Sturiale,13,43617265794361726579446f7069636f5374757269616c65494e,100P,100L,B
Dottie Dottie,Hellickson,Worlds,12,446f74746965446f7474696548656c6c69636b736f6e576f726c64735741,100D,50P,F
Deandrea Deandrea,Hughey,Rantanen,12,4465616e647265614465616e6472656148756768657952616e74616e656e4e43,100P,50M,A
Kimberlie Kimberlie,Duenas,Setter,17,4b696d6265726c69654b696d6265726c69654475656e61735365747465724b53,100L,100D,D
Martina Martina,Staback,Burnard,13,4d617274696e614d617274696e615374616261636b4275726e617264464c,100P,100D,D
Skye Skye,Fillingim,Vizarro,17,536b7965536b796546696c6c696e67696d56697a6172726f4d4e,50M,100L,E
Jade Jade,Farrar,Loader,15,4a6164654a6164654661727261724c6f616465725343,50D,50L,E
Charlene Charlene,Hamilton,Plumer,10,436861726c656e65436861726c656e6548616d696c746f6e506c756d65724341,100P,100L,D
Geoffrey Geoffrey,Acey,Polidori,18,47656f666672657947656f666672657941636579506f6c69646f7269494c,100D,100CI,B
Stevie Stevie,Westerbeck,Moyd,12,5374657669655374657669655765737465726265636b4d6f79644341,100D,100L,C
Pamella Pamella,Fortino,Fishburne,13,50616d656c6c6150616d656c6c61466f7274696e6f466973686275726e65434f,50M,100D,B
Harrison Harrison,Haufler,Karpel,16,4861727269736f6e4861727269736f6e486175666c65724b617270656c4354,100D,50P,B
Johnna Johnna,Engelberg,Suffield,15,4a6f686e6e614a6f686e6e61456e67656c626572675375666669656c645741,50P,100D,E
Buddy Buddy,Cloney,Malvin,15,42756464794275646479436c6f6e65794d616c76696e4f48,50D,50P,B
Dalene Dalene,Riden,Saulter,17,44616c656e6544616c656e65526964656e5361756c7465724e48,50L,50D,E
Jerry Jerry,Zurcher,Mugnolo,14,4a657272794a657272795a7572636865724d75676e6f6c6f464c,50M,50L,F
Haydee Haydee,Denooyer,Auffrey,13,48617964656548617964656544656e6f6f796572417566667265794e59,50M,50D,A
Joseph Joseph,Cryer,Gobern,10,4a6f736570684a6f736570684372796572476f6265726e4341,100L,100D,D
Deonna Deonna,Kippley,Mai,18,44656f6e6e6144656f6e6e614b6970706c65794d61694d49,50P,100CI,C
Raymon Raymon,Calvaresi,Bergesen,18,5261796d6f6e5261796d6f6e43616c766172657369426572676573656e494e,100CI,50M,B
Alecia Alecia,Bubash,Frankel,18,416c65636961416c656369614275626173684672616e6b656c5458,100L,100D,C
Ma Ma,Layous,Tegarden,13,4d614d614c61796f7573546567617264656e4354,50D,100CI,B
Detra Detra,Coyier,Modzelewski,13,44657472614465747261436f796965724d6f647a656c6577736b694d44,50L,100D,E
Terrilyn Terrilyn,Rodeigues,Brossart,16,54657272696c796e54657272696c796e526f6465696775657342726f73736172744c41,50M,50L,D
Salome Salome,Lacovara,Lother,18,53616c6f6d6553616c6f6d654c61636f766172614c6f746865725641,50L,50P,E
Garry Garry,Keetch,Steier,18,476172727947617272794b65657463685374656965725041,100CI,50M,B
Matthew Matthew,Neither,Sarbacher,18,4d6174746865774d6174746865774e6569746865725361726261636865724d4e,50P,50L,C
Theodora Theodora,Restrepo,Bevelacqua,18,5468656f646f72615468656f646f7261526573747265706f426576656c6163717561464c,100CI,50L,C
Noah Noah,Kalafatis,Meinerding,17,4e6f61684e6f61684b616c6166617469734d65696e657264696e675749,50D,50P,A
Carmen Carmen,Sweigard,Gochal,11,4361726d656e4361726d656e5377656967617264476f6368616c4e4a,50P,100L,B
Lavonda Lavonda,Hengel,Bartolet,14,4c61766f6e64614c61766f6e646148656e67656c426172746f6c65744e44,100CI,100D,D
Junita Junita,Stoltzman,Blunk,14,4a756e6974614a756e69746153746f6c747a6d616e426c756e6b4e56,50L,50P,D
Herminia Herminia,Nicolozakes,Gesick,17,4865726d696e69614865726d696e69614e69636f6c6f7a616b657347657369636b415a,50P,100P,D
Casie Casie,Good,Silvestrini,9,43617369654361736965476f6f6453696c7665737472696e69544e,50M,50D,E
Reena Reena,Maisto,Konopacki,9,5265656e615265656e614d616973746f4b6f6e6f7061636b694d44,100L,100P,A
Mirta Mirta,Mallett,Emard,12,4d697274614d697274614d616c6c657474456d6172644e59,50L,100CI,A
Cathrine Cathrine,Pontoriero,Bitsuie,14,4361746872696e654361746872696e65506f6e746f726965726f426974737569655458,50L,100L,F
Filiberto Filiberto,Tawil,Pelkowski,15,46696c69626572746f46696c69626572746f546177696c50656c6b6f77736b694341,50M,100L,C
Raul Raul,Upthegrove,Baltimore,12,5261756c5261756c557074686567726f766542616c74696d6f72654341,50L,50P,F
Sarah Sarah,Candlish,Waymire,15,5361726168536172616843616e646c6973685761796d6972654741,50P,50D,A
Lucy Lucy,Treston,Limmel,17,4c7563794c75637954726573746f6e4c696d6d656c4d41,50D,50L,E
Judy Judy,Aquas,Caiafa,11,4a7564794a75647941717561734361696166614d49,50L,100P,E
Yvonne Yvonne,Tjepkema,Agramonte,13,59766f6e6e6559766f6e6e65546a65706b656d61416772616d6f6e74654e4a,100D,50L,C
Kayleigh Kayleigh,Lace,Pinilla,9,4b61796c656967684b61796c656967684c61636550696e696c6c614c41,100P,100CI,B
Felix Felix,Hirpara,Fredicks,9,46656c697846656c6978486972706172614672656469636b735041,50D,100D,A
Tresa Tresa,Sweely,Toyama,15,54726573615472657361537765656c79546f79616d614d4f,50P,50D,F
Kristeen Kristeen,Turinetti,Hanafan,10,4b7269737465656e4b7269737465656e547572696e6574746948616e6166616e5458,50D,50M,A
Jenelle Jenelle,Regusters,Melnyk,18,4a656e656c6c654a656e656c6c655265677573746572734d656c6e796b464c,50P,100P,C
Renea Renea,Monterrubio,Strassner,14,52656e656152656e65614d6f6e746572727562696f5374726173736e65724741,100CI,50P,C
Olive Olive,Matuszak,Poullion,12,4f6c6976654f6c6976654d617475737a616b506f756c6c696f6e4341,50P,100CI,B
Ligia Ligia,Reiber,Scheyer,16,4c696769614c69676961526569626572536368657965724d49,50P,100D,F
Christiane Christiane,Eschberger,Karpin,13,43687269737469616e6543687269737469616e65457363686265726765724b617270696e415a,50P,100D,F
Goldie Goldie,Schirpke,Corbley,17,476f6c646965476f6c6469655363686972706b65436f72626c65794d45,100CI,50L,F
Loreta Loreta,Timenez,Knipp,15,4c6f726574614c6f7265746154696d656e657a4b6e6970704d44,100CI,100L,C
Fabiola Fabiola,Hauenstein,Latzke,14,466162696f6c61466162696f6c61486175656e737465696e4c61747a6b655041,50L,50M,C
Amie Amie,Perigo,Mconnell,18,416d6965416d696550657269676f4d636f6e6e656c6c5458,50P,100L,F
Raina Raina,Brachle,Montezuma,10,5261696e615261696e6142726163686c654d6f6e74657a756d614d54,50M,50L,A
Erinn Erinn,Canlas,Lawler,10,4572696e6e4572696e6e43616e6c61734c61776c65724e4a,50D,100D,E
Cherry Cherry,Lietz,Ennaco,18,4368657272794368657272794c6965747a456e6e61636f4d49,50L,100P,A
Kattie Kattie,Vonasek,Bayless,17,4b61747469654b6174746965566f6e6173656b4261796c6573734f48,50P,50M,C
Lilli Lilli,Scriven,Skulski,10,4c696c6c694c696c6c695363726976656e536b756c736b695458,50M,50P,E
Whitley Whitley,Tomasulo,Skursky,11,576869746c6579576869746c6579546f6d6173756c6f536b7572736b795458,100L,50L,F
Barbra Barbra,Adkin,Varriano,13,42617262726142617262726141646b696e5661727269616e6f4e59,50D,100L,E
Hermila Hermila,Thyberg,Brideau,17,4865726d696c614865726d696c6154687962657267427269646561755249,50L,100CI,E
Jesusita Jesusita,Flister,Cookey,11,4a657375736974614a65737573697461466c6973746572436f6f6b65795041,50L,100CI,C
Caitlin Caitlin,Julia,Hiatt,10,436169746c696e436169746c696e4a756c696148696174745249,100L,50P,C
Roosevelt Roosevelt,Hoffis,Sawchuk,11,526f6f736576656c74526f6f736576656c74486f666669735361776368756b464c,50P,100P,E
Helaine Helaine,Halter,Vinning,15,48656c61696e6548656c61696e6548616c74657256696e6e696e674e4a,50D,50M,B
Lorean Lorean,Martabano,Boord,11,4c6f7265616e4c6f7265616e4d6172746162616e6f426f6f72645458,50D,100L,B
France France,Buzick,Degonia,10,4672616e63654672616e636542757a69636b4465676f6e69614e59,50P,50D,F
Justine Justine,Ferrario,Springe,14,4a757374696e654a757374696e65466572726172696f537072696e67654341,50L,100D,D
Adelina Adelina,Nabours,Wrinkles,16,4164656c696e614164656c696e614e61626f7572735772696e6b6c65734f48,100CI,50M,A
Derick Derick,Dhamer,Cousey,15,44657269636b44657269636b4468616d6572436f757365794e59,100CI,100P,A
Jerry Jerry,Dallen,Coody,14,4a657272794a6572727944616c6c656e436f6f64795641,50P,50L,C
Leota Leota,Ragel,Wolfgramm,14,4c656f74614c656f7461526167656c576f6c666772616d6d4741,50L,100CI,F
Jutta Jutta,Amyot,Fallick,11,4a757474614a75747461416d796f7446616c6c69636b4c41,100L,50P,D
Aja Aja,Gehrett,Hoa,9,416a61416a6147656872657474486f614e4a,100D,50D,E
Kirk Kirk,Herritt,Degroot,11,4b69726b4b69726b48657272697474446567726f6f744e59,50M,50L,A
Leonora Leonora,Mauson,Radde,13,4c656f6e6f72614c656f6e6f72614d6175736f6e52616464654e4a,50D,100CI,E
Winfred Winfred,Brucato,Lungren,16,57696e6672656457696e667265644272756361746f4c756e6772656e4944,50P,100CI,F
Tarra Tarra,Nachor,Hidvegi,13,546172726154617272614e6163686f72486964766567694341,100L,100D,B
Corinne Corinne,Loder,Theodorov,10,436f72696e6e65436f72696e6e654c6f6465725468656f646f726f764d41,50P,50M,A
Dulce Dulce,Labreche,Tolfree,10,44756c636544756c63654c61627265636865546f6c667265654d49,50P,100D,A
Kate Kate,Keneipp,Gudroe,11,4b6174654b6174654b656e65697070477564726f655749,100L,50M,D
Kaitlyn Kaitlyn,Ogg,Yum,14,4b6169746c796e4b6169746c796e4f676759756d4d44,100CI,50M,E
Sherita Sherita,Saras,Maynerich,15,536865726974615368657269746153617261734d61796e6572696368434f,100P,100CI,D
Lashawnda Lashawnda,Stuer,Deleo,15,4c61736861776e64614c61736861776e6461537475657244656c656f4f48,50P,50L,A
Ernest Ernest,Syrop,Pawlowicz,10,45726e65737445726e6573745379726f705061776c6f7769637a4d44,100P,100D,C
Nobuko Nobuko,Halsey,Stem,17,4e6f62756b6f4e6f62756b6f48616c7365795374656d4d41,100D,100L,F
Lavonna Lavonna,Wolny,Luczki,18,4c61766f6e6e614c61766f6e6e61576f6c6e794c75637a6b695641,50P,100CI,F
Lashaunda Lashaunda,Lizama,Leto,9,4c61736861756e64614c61736861756e64614c697a616d614c65746f4d44,100P,50L,C
Mariann Mariann,Bilden,Parvis,14,4d617269616e6e4d617269616e6e42696c64656e5061727669735458,50D,50P,E
Helene Helene,Rodenberger,Shealy,14,48656c656e6548656c656e65526f64656e626572676572536865616c79415a,100P,100D,A
Roselle Roselle,Estell,Craghead,15,526f73656c6c65526f73656c6c65457374656c6c43726167686561644f48,100P,50M,A
Samira Samira,Heintzman,Batman,15,53616d69726153616d6972614865696e747a6d616e4261746d616e5741,100D,50M,C
Margart Margart,Meisel,Merced,12,4d6172676172744d6172676172744d656973656c4d65726365644f48,50M,50P,C
Kristofer Kristofer,Bennick,Haroldson,10,4b726973746f6665724b726973746f66657242656e6e69636b4861726f6c64736f6e494e,100CI,50M,B
Weldon Weldon,Acuff,Frey,12,57656c646f6e57656c646f6e416375666646726579494c,100L,100P,A
Shalon Shalon,Shadrick,Kitzman,11,5368616c6f6e5368616c6f6e536861647269636b4b69747a6d616e4e59,50M,100L,C
Denise Denise,Patak,Gellinger,17,44656e69736544656e697365506174616b47656c6c696e676572464c,50M,100D,C
Louvenia Louvenia,Beech,Jillson,15,4c6f7576656e69614c6f7576656e696142656563684a696c6c736f6e4341,100D,50M,F
Audry Audry,Yaw,Weirather,9,41756472794175647279596177576569726174686572464c,100P,100D,D
Kristel Kristel,Ehmann,Kohnert,9,4b72697374656c4b72697374656c45686d616e6e4b6f686e6572745458,50D,100P,C
Vincenza Vincenza,Zepp,Padilla,17,56696e63656e7a6156696e63656e7a615a657070506164696c6c614341,100D,50L,B
Elouise Elouise,Gwalthney,Zane,14,456c6f75697365456c6f756973654777616c74686e65795a616e654d44,100CI,50M,E
Venita Venita,Maillard,Wiklund,12,56656e69746156656e6974614d61696c6c61726457696b6c756e644341,50M,100D,A
Kasandra Kasandra,Semidey,Klimek,17,4b6173616e6472614b6173616e64726153656d696465794b6c696d656b4d4f,100L,50M,B
Xochitl Xochitl,Discipio,Hagele,9,586f636869746c586f636869746c446973636970696f486167656c655458,100L,100D,B
Maile Maile,Linahan,Gotter,15,4d61696c654d61696c654c696e6168616e476f747465724e43,100P,50D,D
Krissy Krissy,Rauser,Maybury,17,4b72697373794b72697373795261757365724d6179627572794e59,50P,50M,B
Pete Pete,Dubaldi,Corrington,18,5065746550657465447562616c6469436f7272696e67746f6e4e4a,50P,50L,F
Linn Linn,Paa,Mirafuentes,12,4c696e6e4c696e6e5061614d6972616675656e746573544e,100CI,50D,A
Paris Paris,Wide,Manno,17,50617269735061726973576964654d616e6e6f4741,100CI,50L,C
Wynell Wynell,Dorshorst,Madarang,9,57796e656c6c57796e656c6c446f7273686f7273744d61646172616e674341,100CI,50D,B
Quentin Quentin,Birkner,Paulas,12,5175656e74696e5175656e74696e4269726b6e65725061756c61734d4e,100P,100D,B
Regenia Regenia,Kannady,Spickerman,17,526567656e6961526567656e69614b616e6e616479537069636b65726d616e415a,50M,100P,D
Sheron Sheron,Louissant,Isaacs,14,536865726f6e536865726f6e4c6f75697373616e744973616163734e59,100D,50L,C
Izetta Izetta,Funnell,Lary,13,497a65747461497a6574746146756e6e656c6c4c6172794741,50L,50P,D
Rodolfo Rodolfo,Butzen,Shire,16,526f646f6c666f526f646f6c666f4275747a656e53686972654d4e,50L,100D,A
Zona Zona,Colla,Riopelle,14,5a6f6e615a6f6e61436f6c6c6152696f70656c6c654354,100P,100D,A
Serina Serina,Zagen,Papasergi,16,536572696e61536572696e615a6167656e506170617365726769494e,50P,50L,D
Paz Paz,Sahagun,Demesa,16,50617a50617a5361686167756e44656d6573614d53,50L,100P,E
Markus Markus,Lukasik,Perez,9,4d61726b75734d61726b75734c756b6173696b506572657a4d49,50M,100D,C
Jaclyn Jaclyn,Bachman,Dilello,18,4a61636c796e4a61636c796e426163686d616e44696c656c6c6f434f,100P,100CI,D
Cyril Cyril,Daufeldt,Rochin,15,437972696c437972696c44617566656c6474526f6368696e4e59,50L,100CI,F
Gayla Gayla,Schnitzler,Smith,17,4761796c614761796c615363686e69747a6c6572536d6974684341,50M,50D,B
Erick Erick,Nievas,Menter,11,457269636b457269636b4e69657661734d656e746572494c,100L,100CI,F
Jennie Jennie,Drymon,Cartan,15,4a656e6e69654a656e6e69654472796d6f6e43617274616e5041,100CI,100D,F
Mitsue Mitsue,Scipione,Callaro,17,4d69747375654d697473756553636970696f6e6543616c6c61726f4341,100D,100L,E
Ciara Ciara,Ventura,Palaspas,17,4369617261436961726156656e7475726150616c61737061734e59,100P,50P,E
Galen Galen,Cantres,Kulzer,13,47616c656e47616c656e43616e747265734b756c7a65724f48,50P,100CI,B
Truman Truman,Feichtner,Schmierer,10,5472756d616e5472756d616e4665696368746e65725363686d69657265724e4a,100D,50M,D
Gail Gail,Kitty,Francescon,14,4761696c4761696c4b697474794672616e636573636f6e414b,50D,50M,D
Dalene Dalene,Schoeneck,Shin,18,44616c656e6544616c656e655363686f656e65636b5368696e5041,50P,100D,D
Gertude Gertude,Witten,Kownacki,12,476572747564654765727475646557697474656e4b6f776e61636b694f48,100CI,50M,B
Lizbeth Lizbeth,Kohl,Miceli,9,4c697a626574684c697a626574684b6f686c4d6963656c694341,100D,100L,C
Glenn Glenn,Berray,Steffensmeier,11,476c656e6e476c656e6e4265727261795374656666656e736d656965724941,50L,50M,B
Lashandra Lashandra,Klang,Kines,13,4c617368616e6472614c617368616e6472614b6c616e674b696e65735041,100P,100CI,F
Lenna Lenna,Newville,Samu,13,4c656e6e614c656e6e614e657776696c6c6553616d754e43,50D,50M,E
Laurel Laurel,Pagliuca,Felger,14,4c617572656c4c617572656c5061676c6975636146656c6765725741,50M,100D,A
Mireya Mireya,Frerking,Korando,18,4d69726579614d6972657961467265726b696e674b6f72616e646f4e59,100P,50P,B
Annelle Annelle,Tagala,Cork,15,416e6e656c6c65416e6e656c6c65546167616c61436f726b4d44,50L,50D,E
Dean Dean,Ketelsen,Goldammer,11,4465616e4465616e4b6574656c73656e476f6c64616d6d65724e59,100CI,50D,C
Levi Levi,Munis,Cetta,11,4c6576694c6576694d756e697343657474614d41,50L,100L,F
Sylvie Sylvie,Ryser,Cronauer,11,53796c76696553796c766965527973657243726f6e617565724f4b,50M,100L,F
Sharee Sharee,Maile,Buemi,9,5368617265655368617265654d61696c654275656d694d49,50D,50P,E
Cordelia Cordelia,Storment,Klusman,16,436f7264656c6961436f7264656c696153746f726d656e744b6c75736d616e4c41,100P,100CI,E
Mollie Mollie,Mcdoniel,Centini,15,4d6f6c6c69654d6f6c6c69654d63646f6e69656c43656e74696e694f48,100P,100CI,E
Brett Brett,Mccullan,Fern,16,427265747442726574744d6363756c6c616e4665726e4341,50M,100P,E
Teddy Teddy,Pedrozo,Hochard,18,54656464795465646479506564726f7a6f486f63686172644354,100D,50P,C
Tasia Tasia,Andreason,Vanheusen,11,54617369615461736961416e64726561736f6e56616e68657573656e4e4a,50D,50M,B
Hubert Hubert,Walthall,Benimadho,18,48756265727448756265727457616c7468616c6c42656e696d6164686f4f48,50L,100P,D
Arthur Arthur,Farrow,Giguere,18,417274687572417274687572466172726f77476967756572654e4a,50M,50L,E
Vilma Vilma,Berlanga,Bruschke,10,56696c6d6156696c6d614265726c616e67614272757363686b654d49,100P,50M,F
Billye Billye,Miro,Gibes,18,42696c6c796542696c6c79654d69726f47696265734d53,100D,50L,A
Glenna Glenna,Slayton,Wardrip,10,476c656e6e61476c656e6e61536c6179746f6e57617264726970544e,100D,50D,C
Mitzie Mitzie,Hudnall,Shields,18,4d69747a69654d69747a69654875646e616c6c536869656c6473434f,100CI,50D,E
Bernardine Bernardine,Rodefer,Emigh,15,4265726e617264696e654265726e617264696e65526f6465666572456d696768544e,50P,50L,B
Staci Staci,Schmaltz,Gato,13,537461636953746163695363686d616c747a4761746f4341,50M,100P,A
Nichelle Nichelle,Meteer,Barfield,10,4e696368656c6c654e696368656c6c654d65746565724261726669656c64494c,50P,100CI,B
Janine Janine,Rhoden,Munns,17,4a616e696e654a616e696e6552686f64656e4d756e6e734e59,100D,50L,F
Ettie Ettie,Hoopengardner,Isenhower,12,45747469654574746965486f6f70656e676172646e65724973656e686f7765725741,100L,100D,F
Eden Eden,Jayson,Dickerson,12,4564656e4564656e4a6179736f6e4469636b6572736f6e4d44,50L,100P,A
Lynelle Lynelle,Auber,Honeywell,16,4c796e656c6c654c796e656c6c654175626572486f6e657977656c6c4e4a,50P,100L,E
Merissa Merissa,Tomblin,Mulqueen,15,4d6572697373614d657269737361546f6d626c696e4d756c717565656e4341,50D,50M,B
Golda Golda,Kaniecki,Chickering,14,476f6c6461476f6c64614b616e6965636b69436869636b6572696e674e4a,50L,100D,B
Catarina Catarina,Gleich,Lipke,12,4361746172696e614361746172696e61476c656963684c69706b654e4a,100P,100CI,D
Virgie Virgie,Kiel,Toelkes,9,5669726769655669726769654b69656c546f656c6b6573434f,50P,100CI,C
Jolene Jolene,Ostolaza,Crupi,15,4a6f6c656e654a6f6c656e654f73746f6c617a6143727570695641,100P,100CI,D
Keneth Keneth,Borgman,Reitler,11,4b656e6574684b656e657468426f72676d616e526569746c6572415a,100P,50D,F
Rikki Rikki,Nayar,Parlato,16,52696b6b6952696b6b694e617961725061726c61746f464c,100L,100P,D
Elke Elke,Sengbusch,Hoogland,9,456c6b65456c6b6553656e676275736368486f6f676c616e64415a,50M,50D,D
Hoa Hoa,Sarao,Rhymes,16,486f61486f61536172616f5268796d6573464c,100D,100L,F
Trinidad Trinidad,Mcrae,Rhym,15,5472696e696461645472696e696461644d637261655268796d4341,100L,50M,C
Mari Mari,Lueckenbach,Abdallah,18,4d6172694d6172694c7565636b656e62616368416264616c6c61684341,100CI,50L,C
Selma Selma,Husser,Blackwood,15,53656c6d6153656c6d61487573736572426c61636b776f6f644e4a,100P,50D,F
Antione Antione,Onofrio,Mondella,15,416e74696f6e65416e74696f6e654f6e6f6672696f4d6f6e64656c6c614341,50M,100L,E
Luisa Luisa,Jurney,Eroman,16,4c756973614c756973614a75726e657945726f6d616e4d41,50L,50P,C
Clorinda Clorinda,Heimann,Morocco,17,436c6f72696e6461436c6f72696e64614865696d616e6e4d6f726f63636f4341,50L,100L,F
Dick Dick,Wenzinger,Weight,13,4469636b4469636b57656e7a696e6765725765696768744341,50P,100CI,B
Ahmed Ahmed,Angalich,Buvens,15,41686d656441686d6564416e67616c696368427576656e735041,50M,100CI,B
Iluminada Iluminada,Ohms,Yglesias,18,496c756d696e616461496c756d696e6164614f686d7359676c6573696173415a,100P,100L,D
Joanna Joanna,Leinenbach,Lindall,12,4a6f616e6e614a6f616e6e614c65696e656e626163684c696e64616c6c464c,50L,100D,A
Caprice Caprice,Suell,Hollack,14,43617072696365436170726963655375656c6c486f6c6c61636b544e,50M,100D,B
Stephane Stephane,Myricks,Vanausdal,10,5374657068616e655374657068616e654d797269636b7356616e61757364616c4b59,50D,100CI,C
Quentin Quentin,Swayze,Pugh,14,5175656e74696e5175656e74696e537761797a65507567684d49,100P,100CI,E
Annmarie Annmarie,Castros,Juhas,11,416e6e6d61726965416e6e6d6172696543617374726f734a756861735458,100L,100P,D
Shonda Shonda,Greenbush,Ahle,17,53686f6e646153686f6e6461477265656e6275736841686c654e4a,100P,100L,F
Cecil Cecil,Lapage,Seewald,12,436563696c436563696c4c617061676553656577616c644e4a,50L,100P,C
Jeanice Jeanice,Claucherty,Monarrez,11,4a65616e6963654a65616e696365436c61756368657274794d6f6e617272657a464c,50L,100L,A
Josphine Josphine,Villanueva,Wenner,13,4a6f737068696e654a6f737068696e6556696c6c616e7565766157656e6e6572544e,50L,100D,A
Daniel Daniel,Perruzza,Klonowski,17,44616e69656c44616e69656c50657272757a7a614b6c6f6e6f77736b694341,50P,100D,D
Cassi Cassi,Wildfong,Mastella,17,4361737369436173736957696c64666f6e674d617374656c6c61494c,100P,100L,D
Britt Britt,Galam,Uyetake,10,4272697474427269747447616c616d55796574616b655041,100P,100L,F
Adell Adell,Lipkin,Nestle,11,4164656c6c4164656c6c4c69706b696e4e6573746c654e4a,100P,100CI,E
Jacqueline Jacqueline,Rowling,Bolognia,11,4a61637175656c696e654a61637175656c696e65526f776c696e67426f6c6f676e69615041,50M,50L,E
Lonny Lonny,Weglarz,Malet,16,4c6f6e6e794c6f6e6e795765676c61727a4d616c65745554,100D,100P,E
Lonna Lonna,Diestel,Bowley,9,4c6f6e6e614c6f6e6e614469657374656c426f776c65794e43,50M,50P,D
Cristal Cristal,Samara,Waycott,10,4372697374616c4372697374616c53616d617261576179636f74744341,100CI,100D,E
Kenneth Kenneth,Grenet,Briddick,18,4b656e6e6574684b656e6e6574684772656e6574427269646469636b4d49,100P,100CI,A
Elli Elli,Mclaird,Saylors,10,456c6c69456c6c694d636c616972645361796c6f72734e59,100P,100CI,C
Alline Alline,Jeanty,Ferencz,12,416c6c696e65416c6c696e654a65616e7479466572656e637a494e,50M,50D,D
Sharika Sharika,Eanes,Perin,15,53686172696b6153686172696b6145616e6573506572696e464c,50L,50P,D
Nu Nu,Mcnease,Campain,10,4e754e754d636e6561736543616d7061696e4e4a,100L,50M,A
Daniela Daniela,Comnick,Oldroyd,15,44616e69656c6144616e69656c61436f6d6e69636b4f6c64726f79644e4a,50P,50M,A
Cecilia Cecilia,Colaizzo,Schemmer,16,436563696c6961436563696c6961436f6c61697a7a6f536368656d6d65725749,50D,100CI,B
Leslie Leslie,Threets,Rulapaugh,12,4c65736c69654c65736c69655468726565747352756c6170617567684e59,100P,100CI,A
Nan Nan,Koppinger,Gillian,16,4e616e4e616e4b6f7070696e67657247696c6c69616e4e43,50D,50L,F
Izetta Izetta,Dewar,Ostrosky,14,497a65747461497a6574746144657761724f7374726f736b794d44,100D,50M,F
Tegan Tegan,Arceo,Stockham,10,546567616e546567616e417263656f53746f636b68616d4e4a,50D,100D,A
Ruthann Ruthann,Keener,Shinko,18,52757468616e6e52757468616e6e4b65656e65725368696e6b6f5458,100D,100L,D
Joni Joni,Breland,Sergi,10,4a6f6e694a6f6e694272656c616e645365726769494c,50L,50M,B
Vi Vi,Rentfro,Glick,16,5669566952656e7466726f476c69636b4e4a,100P,100D,B
Colette Colette,Kardas,Stenseth,16,436f6c65747465436f6c657474654b61726461735374656e736574684e45,100L,50M,A
Malcolm Malcolm,Tromblay,Vocelka,16,4d616c636f6c6d4d616c636f6c6d54726f6d626c6179566f63656c6b615641,50P,50L,A
Ryan Ryan,Harnos,Corrio,16,5279616e5279616e4861726e6f73436f7272696f5458,100CI,100D,A
Jess Jess,Chaffins,Figeroa,10,4a6573734a6573734368616666696e7346696765726f614e59,50D,50P,D
Sharen Sharen,Bourbon,Kusko,12,53686172656e53686172656e426f7572626f6e4b75736b6f4e59,100CI,50M,D
Nickolas Nickolas,Juvera,Chui,10,4e69636b6f6c61734e69636b6f6c61734a757665726143687569464c,100P,100D,F
Gary Gary,Nunlee,Caudy,14,47617279476172794e756e6c65654361756479494e,100L,50L,B
Diane Diane,Devreese,Iturbide,10,4469616e654469616e65446576726565736549747572626964654d4f,50D,50M,A
Roslyn Roslyn,Chavous,Slusarski,13,526f736c796e526f736c796e436861766f7573536c75736172736b694d53,50D,50L,D
Glory Glory,Schieler,Royster,16,476c6f7279476c6f727953636869656c6572526f79737465725458,100L,50D,D
Rasheeda Rasheeda,Sayaphon,Kolmetz,9,526173686565646152617368656564615361796170686f6e4b6f6c6d65747a4341,50D,100D,D
Alpha Alpha,Palaia,Inouye,16,416c706861416c70686150616c616961496e6f7579654e4a,50D,100CI,D
Refugia Refugia,Jacobos,Nicka,9,52656675676961526566756769614a61636f626f734e69636b614341,50D,50P,B
Shawnda Shawnda,Yori,Flosi,12,536861776e6461536861776e6461596f7269466c6f7369464c,50P,50D,A
Mona Mona,Delasancha,Whobrey,10,4d6f6e614d6f6e6144656c6173616e63686157686f627265795759,100D,50L,A
Gilma Gilma,Liukko,Rim,14,47696c6d6147696c6d614c69756b6b6f52696d4e59,100CI,50L,B
Janey Janey,Gabisi,Garufi,15,4a616e65794a616e65794761626973694761727566695749,50L,100D,A
Lili Lili,Paskin,Poquette,9,4c696c694c696c695061736b696e506f7175657474654e4a,50P,100P,D
Loren Loren,Asar,Albares,17,4c6f72656e4c6f72656e41736172416c62617265735041,100CI,50P,E
Dorothy Dorothy,Chesterfield,Ruta,15,446f726f746879446f726f746879436865737465726669656c64527574614341,50L,50P,F
Gail Gail,Similton,Caldarera,12,4761696c4761696c53696d696c746f6e43616c6461726572614341,50L,100D,D
Catalina Catalina,Tillotson,Maclead,12,436174616c696e61436174616c696e6154696c6c6f74736f6e4d61636c6561644e4a,100P,50P,A
Lawrence Lawrence,Lorens,Amigon,15,4c617772656e63654c617772656e63654c6f72656e73416d69676f6e5249,50P,50M,C
Carlee Carlee,Boulter,Marrier,9,4361726c65654361726c6565426f756c7465724d6172726965724b53,100P,100L,B
Thaddeus Thaddeus,Ankeny,Wieser,14,54686164646575735468616464657573416e6b656e795769657365724341,50D,50M,A
Jovita Jovita,Oles,Dilliard,15,4a6f766974614a6f766974614f6c657344696c6c69617264464c,100P,100L,B
Alesia Alesia,Hixenbaugh,Tollner,18,416c65736961416c65736961486978656e6261756768546f6c6c6e65724443,50D,100P,D
Lai Lai,Harabedian,Morasca,9,4c61694c61694861726162656469616e4d6f72617363614341,100P,50D,E
Brittni Brittni,Gillaspie,Foller,15,42726974746e6942726974746e6947696c6c6173706965466f6c6c65724944,50L,50M,B
Raylene Raylene,Kampa,Paprocki,9,5261796c656e655261796c656e654b616d7061506170726f636b69494e,100L,50P,A
Flo Flo,Bookamer,Venere,9,466c6f466c6f426f6f6b616d657256656e6572654e45,100D,100L,F
Jani Jani,Biddy,Darakjy,15,4a616e694a616e694269646479446172616b6a795741,50L,50M,C
Chauncey Chauncey,Motley,Butt,16,436861756e636579436861756e6365794d6f746c657942757474464c,50P,50D,F
